{
  "assetsByChunkName": {
    "vendors~app-account~app-confirmation~app-order": "chunk.9b0f36aaf21fc3fc38fb.js",
    "vendors~app-account~app-checkout": "chunk.3087645128a8872d3c89.js",
    "vendors~app-cart~app-checkout": "chunk.740d1a8296e3bcce2510.js",
    "admin": [
      "admin.12cd17f6137a0d42ecbf.js",
      "admin.12cd17f6137a0d42ecbf.js.map"
    ],
    "app-account": "chunk.d76250024d597f8a8531.js",
    "app-checkout": "chunk.da87aa61e83b6b74b793.js",
    "app-confirmation": "chunk.efee93a03c55f4d42596.js",
    "checkout": [
      "checkout.fcee411724ea87e0c438.js",
      "checkout.fcee411724ea87e0c438.js.map"
    ],
    "storefront": [
      "storefront.adc52c7da190dab06a47.css",
      "storefront.5f43d72da34d8c93aad8.js",
      "storefront.adc52c7da190dab06a47.css.map",
      "storefront.5f43d72da34d8c93aad8.js.map"
    ],
    "vendors~app-cart": "chunk.1db47d776ee4c105222b.js",
    "vendors~app-order": "chunk.e38ea9fea3b0793dd0d0.js"
  }
}