{
  "categories_list": {
    "featured": [],
    "random": 6,
    "full_width": true
  },
  "menu_all_departments": false,
  "centralized_logo": true,
  "marketing_stripe": {
    "text": "5% de desconto para pagamento via Pix*",
    "link": "/promotion",
    "background": "#040404",
    "color": "#ffffff"
  },
  "alphabetical_order_submenu": false,
  "name_all_departments": "",
  "search_input": true,
  "desktop_megamenu": false,
  "full_width_submenu": false,
  "contacts_stripe": {
    "pages": [
      {},
      {}
    ],
    "phone_wpp": true,
    "socials": false
  }
}