{
  "meta_title": "",
  "meta_description": "",
  "sections": [
    {
      "type": "banner-slider",
      "autoplay": 4000,
      "full_width": false,
      "slides": [
        {
          "start": "",
          "end": "",
          "img": "/img/uploads/banner-02.jpg",
          "alt": "Banner sample two",
          "mobile_img": "/img/uploads/banner-02.jpg"
        },
        {
          "start": "",
          "end": "",
          "img": "/img/uploads/banner-.jpg",
          "mobile_img": "/img/uploads/banner-.jpg"
        }
      ]
    },
    {
      "type": "info-bar",
      "enabled": true
    },
    {
      "type": "collection-shelf",
      "shuffle": true,
      "collection_id": null,
      "sort": "news",
      "title": "NEW COLLECTION",
      "headless": false,
      "limit": 12,
      "page": 1
    },
    {
      "type": "banners-grid",
      "banners": [
        {
          "img": "/img/uploads/classico-e-atemporal-3-.png",
          "link": "https://aguiaresantosuniformes.netlify.app/conjunto",
          "mobile_img": "/img/uploads/classico-e-atemporal-3-.png"
        },
        {
          "img": "/img/uploads/classico-e-atemporal.png",
          "mobile_img": "/img/uploads/classico-e-atemporal.png",
          "link": "https://aguiaresantosuniformes.netlify.app/conjunto"
        }
      ]
    }
  ]
}